{"cameraMode":{"drawMode":0,"name":"Shaded","section":"Shading Mode"},"sceneLighting":false,"audioPlay":false,"sceneViewState":{"m_AlwaysRefresh":false,"showFog":true,"showSkybox":true,"showFlares":true,"showImageEffects":true,"showParticleSystems":true,"showVisualEffectGraphs":true,"m_FxEnabled":true},"in2DMode":false,"pivot":{"x":-27.438251495361329,"y":8.640373229980469,"z":-44.025794982910159},"rotation":{"x":0.016386985778808595,"y":-0.8487771153450012,"z":0.02374800480902195,"w":0.5288374423980713},"size":96.17990112304688,"orthographic":false}