{"cameraMode":{"drawMode":0,"name":"Shaded","section":"Shading Mode"},"sceneLighting":false,"audioPlay":false,"sceneViewState":{"m_AlwaysRefresh":false,"showFog":true,"showSkybox":false,"showFlares":true,"showImageEffects":true,"showParticleSystems":true,"showVisualEffectGraphs":true,"m_FxEnabled":true},"in2DMode":false,"pivot":{"x":10.428521156311036,"y":2.095766067504883,"z":-46.61756134033203},"rotation":{"x":-0.058592867106199267,"y":0.9414198398590088,"z":-0.23787786066532136,"w":-0.23187410831451417},"size":4.3832573890686039,"orthographic":false}